Type,Secteur,Kilométrage,Marque,Modèle,Nombre de portes,Origine,Première main,Puissance fiscale,État,AnneeModele Icon,BoiteAVitesse Icon,Carburant Icon,price
"Voitures d'occasion, à vendre",Centre,250 000 - 299 999,Audi,Q5,5,Dédouanée,Oui,8 CV,Excellent,2017,Automatique,Diesel,398 000 DH
"Voitures d'occasion, à vendre",Centre Ville,190 000 - 199 999,Porsche,Cayenne,5,WW au Maroc,Non,12 CV,Excellent,2011,Automatique,Diesel,Prix non spécifié
"Voitures d'occasion, à vendre",Belvédère,50 000 - 54 999,Audi,Q5,5,WW au Maroc,Non,8 CV,Excellent,2019,Automatique,Diesel,Prix non spécifié
"Voitures d'occasion, à vendre",Maarif,0 - 4 999,Audi,Q5,5,Importée neuve,Oui,8 CV,Neuf,2023,Automatique,Diesel,Prix non spécifié
"Voitures d'occasion, à vendre",Belvédère,190 000 - 199 999,Audi,Q5,5,WW au Maroc,Oui,12 CV,Excellent,2011,Automatique,Diesel,110 000 DH
"Voitures d'occasion, à vendre",Californie,160 000 - 169 999,Audi,Q5,5,WW au Maroc,Non,8 CV,Excellent,2020,Automatique,Diesel,Prix non spécifié
"Voitures d'occasion, à vendre",Autre secteur,80 000 - 84 999,Audi,Q5,5,Dédouanée,Oui,8 CV,Très bon,2019,Automatique,Diesel,Prix non spécifié
"Voitures d'occasion, à vendre",Bourgogne,30 000 - 34 999,Audi,Q5,5,WW au Maroc,Oui,8 CV,Excellent,2020,Automatique,Diesel,Prix non spécifié
"Voitures d'occasion, à vendre",Abdelmoumen,95 000 - 99 999,Audi,Q5,5,WW au Maroc,Oui,8 CV,Excellent,2020,Automatique,Diesel,349 000 DH
"Voitures d'occasion, à vendre",Aïn Chock,35 000 - 39 999,Audi,q5_sportback,5,WW au Maroc,Oui,8 CV,Excellent,2021,Automatique,Diesel,Prix non spécifié
"Voitures d'occasion, à vendre",Autre secteur,10 000 - 14 999,BMW,ix,5,WW au Maroc,Oui,15 CV,Excellent,2022,Automatique,Electrique,Prix non spécifié
"Voitures d'occasion, à vendre",Hay el Fath,15 000 - 19 999,Audi,Q5,5,Dédouanée,Oui,8 CV,Excellent,2023,Automatique,Diesel,Prix non spécifié
"Voitures d'occasion, à vendre",Autre secteur,100 000 - 109 999,Audi,Q5,5,Dédouanée,Oui,8 CV,Neuf,2019,Automatique,Diesel,Prix non spécifié
"Voitures d'occasion, à vendre",Autre secteur,140 000 - 149 999,Audi,Q5,5,WW au Maroc,Non,8 CV,Très bon,2018,Automatique,Diesel,Prix non spécifié
"Voitures d'occasion, à vendre",Al Qods,55 000 - 59 999,Audi,q5_sportback,5,Dédouanée,Oui,8 CV,Excellent,2022,Automatique,Diesel,700 000 DH
"Voitures d'occasion, à vendre",Autre secteur,190 000 - 199 999,Porsche,cayenne_coupe,5,WW au Maroc,Oui,12 CV,Excellent,2011,Automatique,Diesel,Prix non spécifié
"Voitures d'occasion, à vendre",Californie,50 000 - 54 999,Audi,Q5,5,WW au Maroc,Oui,8 CV,Excellent,2019,Automatique,Diesel,Prix non spécifié
"Voitures d'occasion, à vendre",Autre secteur,10 000 - 14 999,Audi,q5_sportback,5,Dédouanée,Oui,8 CV,Excellent,2024,Automatique,Diesel,Prix non spécifié
"Voitures d'occasion, à vendre",Autre secteur,45 000 - 49 999,Audi,Q5,5,WW au Maroc,Non,8 CV,Très bon,2022,Automatique,Diesel,Prix non spécifié
"Voitures d'occasion, à vendre",Californie,70 000 - 74 999,Audi,Q5,5,WW au Maroc,Oui,8 CV,Excellent,2022,Automatique,Diesel,Prix non spécifié
"Voitures d'occasion, à vendre",Hay Zaytoun,200 000 - 249 999,Audi,Q5,5,Dédouanée,Non,8 CV,Très bon,2012,Automatique,Diesel,Prix non spécifié
"Voitures d'occasion, à vendre",Ain Amiyer,200 000 - 249 999,Skoda,Superb,5,WW au Maroc,Non,8 CV,Excellent,2011,Automatique,Diesel,110 000 DH
"Voitures d'occasion, à vendre",Californie,15 000 - 19 999,Audi,Q5,5,Dédouanée,Oui,8 CV,Excellent,2022,Automatique,Diesel,Prix non spécifié
"Voitures d'occasion, à vendre",Hay Zaytoun,160 000 - 169 999,Audi,Q5,5,WW au Maroc,Non,8 CV,Très bon,2015,Automatique,Diesel,255 000 DH
"Voitures d'occasion, à vendre",Aïn Chock,75 000 - 79 999,Audi,Q5,5,Dédouanée,Oui,8 CV,Excellent,2022,Automatique,Diesel,Prix non spécifié
"Voitures d'occasion, à vendre",2 Mars,50 000 - 54 999,Audi,Q5,5,WW au Maroc,Oui,8 CV,Excellent,2022,Automatique,Diesel,427 000 DH
"Voitures d'occasion, à vendre",Saniat Rmal,60 000 - 64 999,Audi,q5_sportback,5,Dédouanée,Oui,8 CV,Excellent,2021,Automatique,Diesel,Prix non spécifié
"Voitures d'occasion, à vendre",Bachkou,130 000 - 139 999,Audi,Q5,5,WW au Maroc,Non,8 CV,Excellent,2019,Automatique,Diesel,Prix non spécifié
"Voitures d'occasion, à vendre",Hay el matar,190 000 - 199 999,Audi,Q5,,Dédouanée,,8 CV,Excellent,2021,Automatique,Diesel,Prix non spécifié
"Voitures d'occasion, à vendre",Centre ville,5 000 - 9 999,Audi,S5,5,Importée neuve,,12 CV,Très bon,2023,Automatique,Diesel,Prix non spécifié
"Voitures d'occasion, à vendre",Issil,200 000 - 249 999,Audi,Q5,5,Dédouanée,Non,12 CV,Bon,2010,Automatique,Diesel,138 000 DH
"Voitures d'occasion, à vendre",Centre ville,110 000 - 119 999,Audi,q5_sportback,5,Dédouanée,Non,8 CV,Excellent,2019,Automatique,Diesel,Prix non spécifié
"Voitures d'occasion, à vendre",Al Qods,55 000 - 59 999,Audi,q5_sportback,5,Dédouanée,Oui,8 CV,Excellent,2022,Automatique,Diesel,700 000 DH
"Voitures d'occasion, à vendre",Hay El Qods,90 000 - 94 999,Audi,q5_sportback,5,Dédouanée,Oui,8 CV,Excellent,2019,Automatique,Diesel,Prix non spécifié
"Voitures d'occasion, à vendre",Oulfa,130 000 - 139 999,Audi,Q5,5,Importée neuve,Oui,8 CV,Très bon,2020,Automatique,Diesel,Prix non spécifié
"Voitures d'occasion, à vendre",Amelkis,250 000 - 299 999,Audi,Q5,,,,8 CV,,2013,Manuelle,Diesel,165 000 DH
"Voitures d'occasion, à vendre",Californie,90 000 - 94 999,Audi,Q5,5,Dédouanée,Oui,11 CV,Excellent,2021,Automatique,Diesel,Prix non spécifié
"Voitures d'occasion, à vendre",Belvédère,95 000 - 99 999,Audi,Q5,5,WW au Maroc,Oui,8 CV,Excellent,2018,Automatique,Diesel,Prix non spécifié
"Voitures d'occasion, à vendre",Ouled Oujih,130 000 - 139 999,Audi,Q5,5,WW au Maroc,Non,8 CV,Excellent,2016,Automatique,Diesel,Prix non spécifié
"Voitures d'occasion, à vendre",Belvédère,190 000 - 199 999,Audi,Q5,5,Importée neuve,Non,8 CV,Excellent,2013,Automatique,Diesel,Prix non spécifié
"Voitures d'occasion, à vendre",Ahlane,120 000 - 129 999,Audi,Q5,5,Dédouanée,,8 CV,Très bon,2018,Automatique,Diesel,Prix non spécifié
"Voitures d'occasion, à vendre",Ouled Oujih,150 000 - 159 999,Audi,Q5,5,WW au Maroc,Non,8 CV,Excellent,2016,Automatique,Diesel,Prix non spécifié
"Voitures d'occasion, à vendre",Ain Sebaa,250 000 - 299 999,Audi,Q5,5,Dédouanée,Non,8 CV,Excellent,2013,Automatique,Diesel,250 000 DH
"Voitures d'occasion, à vendre",Belvédère,65 000 - 69 999,Audi,q5_sportback,5,WW au Maroc,Oui,8 CV,Excellent,2022,Automatique,Diesel,Prix non spécifié
"Voitures d'occasion, à vendre",Maarif,140 000 - 149 999,Audi,Q5,5,WW au Maroc,,8 CV,Excellent,2013,Automatique,Diesel,185 000 DH
"Voitures d'occasion, à vendre",Aïn Chock,45 000 - 49 999,Audi,Q5,5,WW au Maroc,Oui,8 CV,,2021,Automatique,Diesel,Prix non spécifié
"Voitures d'occasion, à vendre",Boustane,200 000 - 249 999,Audi,Q5,5,Dédouanée,Oui,8 CV,Excellent,2014,Automatique,Diesel,Prix non spécifié
"Voitures d'occasion, à vendre",Centre ville,110 000 - 119 999,Audi,q5_sportback,5,Dédouanée,Non,8 CV,Excellent,2019,Automatique,Diesel,Prix non spécifié
"Voitures d'occasion, à vendre",Route Ain Chkaf,65 000 - 69 999,Audi,q5_sportback,5,Dédouanée,Oui,8 CV,Excellent,2021,Automatique,Diesel,Prix non spécifié
"Voitures d'occasion, à vendre",Route Ain Chkaf,120 000 - 129 999,Audi,Q5,5,Dédouanée,Oui,8 CV,Excellent,2020,Automatique,Diesel,Prix non spécifié
"Voitures d'occasion, à vendre",Californie,150 000 - 159 999,Audi,Q5,5,Importée neuve,Oui,8 CV,Excellent,2019,Automatique,Diesel,Prix non spécifié
"Voitures d'occasion, à vendre",Lissasfa,110 000 - 119 999,Audi,Q5,,,,8 CV,Excellent,2019,Automatique,Diesel,400 000 DH
"Voitures d'occasion, à vendre",Hay Riad,190 000 - 199 999,Audi,Q5,5,Dédouanée,Oui,8 CV,Neuf,2017,Automatique,Diesel,Prix non spécifié
"Voitures d'occasion, à vendre",Centre ville,40 000 - 44 999,Audi,q5_sportback,5,Dédouanée,,8 CV,Excellent,2022,Automatique,Diesel,Prix non spécifié
"Voitures d'occasion, à vendre",Aarid,70 000 - 74 999,Audi,Q5,5,Dédouanée,Oui,8 CV,Excellent,2021,Automatique,Diesel,Prix non spécifié
"Voitures d'occasion, à vendre",Mozart,190 000 - 199 999,Audi,Q5,5,Dédouanée,Non,8 CV,Très bon,2017,Automatique,Diesel,395 000 DH
"Voitures d'occasion, à vendre",Hay Karima,200 000 - 249 999,Audi,Q5,5,WW au Maroc,Non,8 CV,Excellent,2020,Automatique,Diesel,Prix non spécifié
"Voitures d'occasion, à vendre",Malabata,60 000 - 64 999,Audi,Q5,5,Importée neuve,,8 CV,Excellent,2016,Automatique,Diesel,370 000 DH
"Voitures d'occasion, à vendre",Hay Mohammadi,300 000 - 349 999,Audi,Q5,5,WW au Maroc,Non,10 CV,Très bon,2014,Automatique,Diesel,210 000 DH
"Voitures d'occasion, à vendre",Extension Dakhla,200 000 - 249 999,Audi,Q5,5,WW au Maroc,Oui,11 CV,Bon,2011,Automatique,Diesel,Prix non spécifié
"Voitures d'occasion, à vendre",Aïn Chock,55 000 - 59 999,Audi,Q5,5,WW au Maroc,Oui,8 CV,Excellent,2019,Automatique,Diesel,Prix non spécifié
"Voitures d'occasion, à vendre",Extension Dakhla,120 000 - 129 999,Audi,Q5,5,WW au Maroc,Oui,8 CV,Excellent,2019,Automatique,Diesel,Prix non spécifié
"Voitures d'occasion, à vendre",Lissasfa,150 000 - 159 999,Audi,Q5,5,WW au Maroc,Oui,8 CV,Excellent,2020,Automatique,Diesel,Prix non spécifié
"Voitures d'occasion, à vendre",Aïn Chock,75 000 - 79 999,Audi,Q5,5,Dédouanée,Oui,8 CV,Excellent,2018,Automatique,Diesel,Prix non spécifié
"Voitures d'occasion, à vendre",Aïn Chock,60 000 - 64 999,Audi,Q5,5,Dédouanée,,8 CV,Excellent,2023,Automatique,Diesel,Prix non spécifié
"Voitures d'occasion, à vendre",Hay el Fath,0 - 4 999,Audi,Q5,5,Dédouanée,Oui,8 CV,Excellent,2024,Automatique,Diesel,Prix non spécifié
"Voitures d'occasion, à vendre",Lissasfa,150 000 - 159 999,Audi,Q5,5,WW au Maroc,Oui,8 CV,Excellent,2020,Automatique,Diesel,Prix non spécifié
"Voitures d'occasion, à vendre",Hay el matar,190 000 - 199 999,Audi,Q5,,Dédouanée,,8 CV,Excellent,2021,Automatique,Diesel,Prix non spécifié
"Voitures d'occasion, à vendre",Route d'Ourika,190 000 - 199 999,Audi,Q5,5,Dédouanée,,8 CV,Excellent,2017,Automatique,Diesel,415 000 DH
"Voitures d'occasion, à vendre",Narjis,65 000 - 69 999,Audi,Q5,5,Dédouanée,Oui,8 CV,Excellent,2021,Automatique,Diesel,Prix non spécifié
"Voitures d'occasion, à vendre",Hay Zaytoun,180 000 - 189 999,Audi,Q5,5,WW au Maroc,Oui,8 CV,Bon,2020,Automatique,Diesel,365 000 DH
"Voitures d'occasion, à vendre",Oasis,80 000 - 84 999,Audi,Q5,5,WW au Maroc,Oui,8 CV,Excellent,2019,Automatique,Diesel,Prix non spécifié
"Voitures d'occasion, à vendre",Hay Targa,190 000 - 199 999,Audi,Q5,5,Dédouanée,Oui,8 CV,Excellent,2015,Automatique,Diesel,269 000 DH
"Voitures d'occasion, à vendre",Centre ville,200 000 - 249 999,Audi,Q5,5,WW au Maroc,Non,8 CV,Excellent,2014,Manuelle,Diesel,175 000 DH
"Voitures d'occasion, à vendre",Californie,190 000 - 199 999,Audi,Q5,5,Dédouanée,Non,8 CV,Très bon,2017,Automatique,Diesel,Prix non spécifié
"Voitures d'occasion, à vendre",Hay Zaytoun,170 000 - 179 999,Audi,Q5,,WW au Maroc,Non,8 CV,Excellent,2018,Automatique,Diesel,Prix non spécifié
"Voitures d'occasion, à vendre",Guich Oudaya,190 000 - 199 999,Audi,Q5,5,WW au Maroc,Non,8 CV,Excellent,2009,Manuelle,Diesel,145 000 DH
"Voitures d'occasion, à vendre",Aïn Chock,160 000 - 169 999,Audi,q5_sportback,5,Dédouanée,Non,8 CV,Excellent,2018,Automatique,Diesel,500 000 DH
"Voitures d'occasion, à vendre",Extension Dakhla,200 000 - 249 999,Audi,Q5,5,WW au Maroc,Oui,8 CV,Très bon,2017,Automatique,Diesel,250 000 DH
"Voitures d'occasion, à vendre",Hay Riad,180 000 - 189 999,Audi,Q5,,,,12 CV,Excellent,2010,Automatique,Diesel,148 000 DH
"Voitures d'occasion, à vendre",Toute la ville,190 000 - 199 999,Audi,Q5,5,WW au Maroc,Non,8 CV,Excellent,2019,Automatique,Diesel,360 000 DH
"Voitures d'occasion, à vendre",Hay Izdihar,65 000 - 69 999,Audi,Q5,,,,8 CV,Excellent,2021,Automatique,Diesel,Prix non spécifié
"Voitures d'occasion, à vendre",Route d'Immouzere,180 000 - 189 999,Audi,Q5,5,Importée neuve,Oui,8 CV,Excellent,2017,Automatique,Diesel,400 000 DH
"Voitures d'occasion, à vendre",Centre Ville,190 000 - 199 999,Audi,Q5,5,Dédouanée,Oui,8 CV,Très bon,2017,Automatique,Diesel,Prix non spécifié
"Voitures d'occasion, à vendre",Aarid,180 000 - 189 999,Audi,Q5,5,Dédouanée,Oui,9 CV,Très bon,2017,Automatique,Diesel,Prix non spécifié
"Voitures d'occasion, à vendre",Aïn Chock,110 000 - 119 999,Audi,Q5,5,WW au Maroc,Non,8 CV,Excellent,2019,Automatique,Diesel,345 000 DH
"Voitures d'occasion, à vendre",Californie,50 000 - 54 999,Audi,Q5,5,Dédouanée,Oui,8 CV,Neuf,2021,Automatique,Diesel,Prix non spécifié
"Voitures d'occasion, à vendre",Abi Ragrag,200 000 - 249 999,Audi,Q5,5,Dédouanée,Oui,8 CV,Excellent,2016,Automatique,Diesel,Prix non spécifié
"Voitures d'occasion, à vendre",Massira 2,140 000 - 149 999,Audi,Q5,5,Dédouanée,Non,8 CV,Excellent,2017,Automatique,Diesel,Prix non spécifié
"Voitures d'occasion, à vendre",Ouled Tayeb,160 000 - 169 999,Audi,Q5,5,Dédouanée,Non,6 CV,Excellent,2017,Automatique,Diesel,330 000 DH
"Voitures d'occasion, à vendre",Massira 2,200 000 - 249 999,Audi,Q5,5,WW au Maroc,Non,8 CV,Excellent,2016,Automatique,Diesel,Prix non spécifié
"Voitures d'occasion, à vendre",Hay el Fath,180 000 - 189 999,Audi,Q5,5,WW au Maroc,Oui,8 CV,Excellent,2018,Automatique,Diesel,Prix non spécifié
"Voitures d'occasion, à vendre",Tassila,190 000 - 199 999,Audi,Q5,5,,Non,8 CV,Bon,2012,Automatique,Diesel,178 000 DH
"Voitures d'occasion, à vendre",Ain Sebaa,200 000 - 249 999,Audi,Q5,,WW au Maroc,,12 CV,Très bon,2013,Automatique,Diesel,132 000 DH
"Voitures d'occasion, à vendre",Centre Ville,80 000 - 84 999,Audi,Q5,5,Dédouanée,Oui,8 CV,Excellent,2019,Automatique,Diesel,Prix non spécifié
"Voitures d'occasion, à vendre",Ville verte,130 000 - 139 999,Audi,Q5,5,WW au Maroc,Oui,8 CV,Excellent,2015,Automatique,Diesel,259 945 DH
"Voitures d'occasion, à vendre",Massira 3,190 000 - 199 999,Audi,Q5,5,,,10 CV,Excellent,2018,Automatique,Diesel,350 000 DH
"Voitures d'occasion, à vendre",Hay Riad,110 000 - 119 999,Mercedes-Benz,amg_gle_coupe,5,Importée neuve,Oui,12 CV,Excellent,2018,Automatique,Diesel,UpwardArrow IconPrix en hausse520 000 DH
"Voitures d'occasion, à vendre",Administratif,15 000 - 19 999,Audi,Q5,5,WW au Maroc,Non,12 CV,Très bon,1992,Automatique,Diesel,190 000 DH
"Voitures d'occasion, à vendre",Allal El Fassi,140 000 - 149 999,Volvo,XC60,5,WW au Maroc,Non,8 CV,Très bon,2016,Automatique,Diesel,175 000 DH
"Voitures d'occasion, à vendre",Hassania 1,20 000 - 24 999,Audi,Q5,3,WW au Maroc,Oui,8 CV,Très bon,2014,Automatique,Diesel,228 000 DH
"Voitures d'occasion, à vendre",Aïn Chock,150 000 - 159 999,Audi,Q5,5,Dédouanée,Non,8 CV,Excellent,2016,Automatique,Diesel,Prix non spécifié
"Voitures d'occasion, à vendre",Tassila,15 000 - 19 999,Audi,q5_sportback,5,Dédouanée,Oui,8 CV,Excellent,2024,Automatique,Diesel,Prix non spécifié
"Voitures d'occasion, à vendre",Al Qods,55 000 - 59 999,Audi,q5_sportback,5,Dédouanée,Oui,8 CV,Excellent,2022,Automatique,Diesel,700 000 DH
"Voitures d'occasion, à vendre",Hay el matar,190 000 - 199 999,Audi,Q5,,Dédouanée,,8 CV,Excellent,2021,Automatique,Diesel,Prix non spécifié
"Voitures d'occasion, à vendre",Errahma,300 000 - 349 999,Audi,Q5,5,Dédouanée,Non,8 CV,Excellent,2014,Automatique,Diesel,195 000 DH
"Voitures d'occasion, à vendre",Lissasfa,150 000 - 159 999,Audi,Q5,5,,Non,8 CV,Très bon,2015,Automatique,Diesel,235 000 DH
"Voitures d'occasion, à vendre",Hay Riad,130 000 - 139 999,Audi,Q5,5,WW au Maroc,Oui,8 CV,Très bon,2015,Automatique,Diesel,240 000 DH
"Voitures d'occasion, à vendre",Hay Laymouna,110 000 - 119 999,Audi,Q5,5,WW au Maroc,Oui,8 CV,Excellent,2017,Automatique,Diesel,Prix non spécifié
"Voitures d'occasion, à vendre",Centre Ville,190 000 - 199 999,Audi,Q5,5,Dédouanée,Oui,9 CV,Neuf,2017,Automatique,Diesel,Prix non spécifié
"Voitures d'occasion, à vendre",Targa,75 000 - 79 999,Audi,Q5,5,WW au Maroc,Oui,8 CV,Excellent,2022,Automatique,Diesel,420 000 DH
"Voitures d'occasion, à vendre",Hay el Fath,90 000 - 94 999,Audi,Q5,5,WW au Maroc,Oui,8 CV,Excellent,2021,Automatique,Diesel,448 000 DH
"Voitures d'occasion, à vendre",Massira 2,180 000 - 189 999,Audi,Q5,5,Dédouanée,Non,8 CV,Excellent,2017,Automatique,Diesel,Prix non spécifié
"Voitures d'occasion, à vendre",Autre secteur,120 000 - 129 999,Audi,Q5,5,WW au Maroc,Oui,8 CV,Très bon,2019,Automatique,Diesel,Prix non spécifié
"Voitures d'occasion, à vendre",Allal El Fassi,350 000 - 399 999,Audi,Q5,5,Importée neuve,Non,12 CV,Bon,2010,Automatique,Diesel,11 000 DH
"Voitures d'occasion, à vendre",Hay el Fath,95 000 - 99 999,Audi,Q5,5,Dédouanée,Oui,8 CV,Excellent,2022,Automatique,Diesel,Prix non spécifié
"Voitures d'occasion, à vendre",Val Fleuri,120 000 - 129 999,Audi,Q5,5,WW au Maroc,Non,8 CV,Excellent,2016,Automatique,Diesel,255 000 DH
"Voitures d'occasion, à vendre",Agdal,180 000 - 189 999,BMW,X3,5,WW au Maroc,Non,8 CV,Excellent,2017,Automatique,Diesel,275 000 DH
"Voitures d'occasion, à vendre",Centre Ville,190 000 - 199 999,Audi,Q5,5,WW au Maroc,Non,8 CV,Très bon,2018,Automatique,Diesel,295 000 DH
"Voitures d'occasion, à vendre",Agdal,200 000 - 249 999,Audi,Q5,5,Dédouanée,Non,8 CV,Très bon,2012,Automatique,Diesel,Prix non spécifié
"Voitures d'occasion, à vendre",Hay el Fath,120 000 - 129 999,Audi,Q5,5,WW au Maroc,Oui,8 CV,Excellent,2020,Automatique,Diesel,Prix non spécifié
"Voitures d'occasion, à vendre",Hay el Fath,110 000 - 119 999,Audi,Q5,5,Dédouanée,Oui,8 CV,Excellent,2020,Automatique,Diesel,Prix non spécifié
"Voitures d'occasion, à vendre",Maarif,75 000 - 79 999,Audi,Q5,3,WW au Maroc,Non,8 CV,Excellent,2021,Automatique,Diesel,Prix non spécifié
"Voitures d'occasion, à vendre",Centre Ville,190 000 - 199 999,Audi,Q5,5,Dédouanée,Oui,8 CV,Excellent,2017,Automatique,Diesel,Prix non spécifié
"Voitures d'occasion, à vendre",C.I.L,250 000 - 299 999,Audi,Q5,5,WW au Maroc,Oui,8 CV,Excellent,2016,Manuelle,Diesel,178 000 DH
"Voitures d'occasion, à vendre",Hay Dakhla,140 000 - 149 999,Audi,Q5,5,WW au Maroc,Non,8 CV,Excellent,2021,Automatique,Diesel,390 000 DH
"Voitures d'occasion, à vendre",Centre ville,110 000 - 119 999,Audi,sq5,5,Importée neuve,Non,17 CV,Très bon,2018,Automatique,Essence,370 000 DH
"Voitures d'occasion, à vendre",Sakar,160 000 - 169 999,Audi,Q5,5,WW au Maroc,Non,9 CV,Très bon,2016,Automatique,Diesel,240 000 DH
"Voitures d'occasion, à vendre",Maarif,130 000 - 139 999,Audi,Q5,5,WW au Maroc,Oui,8 CV,Très bon,2016,Automatique,Diesel,255 000 DH
"Voitures d'occasion, à vendre",Toute la ville,200 000 - 249 999,Audi,Q5,5,Dédouanée,Non,8 CV,Excellent,2011,Automatique,Diesel,205 000 DH
"Voitures d'occasion, à vendre",Azib Haj Kaddour,200 000 - 249 999,Audi,Q5,5,Importée neuve,,9 CV,Excellent,2018,Automatique,Diesel,Prix non spécifié
"Voitures d'occasion, à vendre",Anfa,60 000 - 64 999,Audi,Q5,5,WW au Maroc,Oui,8 CV,Excellent,2021,Automatique,Diesel,435 000 DH
"Voitures d'occasion, à vendre",Guéliz,190 000 - 199 999,Audi,Q5,5,Importée neuve,Oui,11 CV,Très bon,2013,Automatique,Hybride,170 000 DH
"Voitures d'occasion, à vendre",Jbel Kbir,15 000 - 19 999,Audi,Q5,5,WW au Maroc,Oui,8 CV,Excellent,2023,Automatique,Diesel,Prix non spécifié
"Voitures d'occasion, à vendre",Aïn Diab,130 000 - 139 999,Audi,Q5,5,WW au Maroc,Oui,9 CV,Excellent,2019,Automatique,Diesel,330 000 DH
"Voitures d'occasion, à vendre",Agdal,170 000 - 179 999,Audi,Q5,5,WW au Maroc,Oui,8 CV,Excellent,2020,Automatique,Diesel,320 000 DH
"Voitures d'occasion, à vendre",Aïn Chock,90 000 - 94 999,Audi,Q5,5,WW au Maroc,Oui,8 CV,Neuf,2020,Automatique,Diesel,Prix non spécifié
"Voitures d'occasion, à vendre",Toute la ville,190 000 - 199 999,Audi,Q5,5,Importée neuve,Non,12 CV,Excellent,2009,Automatique,Diesel,120 000 DH
"Voitures d'occasion, à vendre",Aïn Chock,110 000 - 119 999,Audi,Q5,5,WW au Maroc,Non,8 CV,Bon,2020,Automatique,Diesel,384 952 DH
"Voitures d'occasion, à vendre",Aïn Chock,0 - 4 999,Audi,Q5,,WW au Maroc,,11 CV,Très bon,2013,Automatique,Diesel,Prix non spécifié
"Voitures d'occasion, à vendre",Al Qods,55 000 - 59 999,Audi,q5_sportback,5,Dédouanée,Oui,8 CV,Excellent,2022,Automatique,Diesel,700 000 DH
"Voitures d'occasion, à vendre",Hay el matar,190 000 - 199 999,Audi,Q5,,Dédouanée,,8 CV,Excellent,2021,Automatique,Diesel,Prix non spécifié
"Voitures d'occasion, à vendre",Aïn Chock,180 000 - 189 999,Audi,Q5,5,WW au Maroc,Non,12 CV,Excellent,2010,Automatique,Diesel,Prix non spécifié
"Voitures d'occasion, à vendre",Plage Oued Cherrat,300 000 - 349 999,Audi,Q5,5,Importée neuve,,8 CV,Très bon,2011,Automatique,Diesel,155 000 DH
"Voitures d'occasion, à vendre",Centre,200 000 - 249 999,Audi,Q5,5,Dédouanée,,8 CV,Très bon,2010,Automatique,Diesel,Prix non spécifié
"Voitures d'occasion, à vendre",Ain Sebaa,300 000 - 349 999,Audi,Q5,5,WW au Maroc,Oui,8 CV,Excellent,2012,Automatique,Diesel,170 000 DH
"Voitures d'occasion, à vendre",Autre secteur,200 000 - 249 999,Audi,Q5,5,WW au Maroc,Non,8 CV,Excellent,2012,Automatique,Diesel,170 000 DH
"Voitures d'occasion, à vendre",Allal El Fassi,140 000 - 149 999,Audi,Q5,5,Dédouanée,Non,8 CV,Excellent,2017,Automatique,Diesel,460 000 DH
"Voitures d'occasion, à vendre",Toute la ville,300 000 - 349 999,Audi,Q5,5,Dédouanée,Non,8 CV,Excellent,2014,Automatique,Diesel,230 000 DH
"Voitures d'occasion, à vendre",2 Mars,110 000 - 119 999,Audi,Q5,5,WW au Maroc,Oui,11 CV,Excellent,2018,Automatique,Diesel,350 020 DH
"Voitures d'occasion, à vendre",2 Mars,140 000 - 149 999,Audi,Q5,5,Dédouanée,Non,11 CV,Excellent,2018,Automatique,Diesel,470 000 DH
"Voitures d'occasion, à vendre",Hay Al Matar,110 000 - 119 999,Audi,Q5,,WW au Maroc,,8 CV,Excellent,2021,Automatique,Diesel,520 000 DH
"Voitures d'occasion, à vendre",Ain Sebaa,120 000 - 129 999,Audi,sq5,5,Importée neuve,Non,12 CV,Très bon,2014,Automatique,Diesel,270 000 DH
"Voitures d'occasion, à vendre",Autre secteur,45 000 - 49 999,Audi,Q5,5,WW au Maroc,Oui,8 CV,Excellent,2020,Automatique,Diesel,Prix non spécifié
"Voitures d'occasion, à vendre",Wilaya,190 000 - 199 999,Audi,Q5,5,Dédouanée,Non,8 CV,Excellent,2017,Automatique,Diesel,410 000 DH
"Voitures d'occasion, à vendre",Al aroui,75 000 - 79 999,Audi,Q5,5,Dédouanée,Non,Plus de 41 CV,Excellent,2015,Automatique,Diesel,Prix non spécifié
"Voitures d'occasion, à vendre",Ville Nouvelle,170 000 - 179 999,Audi,Q5,5,Dédouanée,Non,8 CV,Très bon,2015,Automatique,Diesel,Prix non spécifié
"Voitures d'occasion, à vendre",Route Ain Chkaf,30 000 - 34 999,Audi,q5_sportback,5,WW au Maroc,Oui,8 CV,Très bon,2022,Automatique,Diesel,Prix non spécifié
"Voitures d'occasion, à vendre",Massira,200 000 - 249 999,Audi,Q5,5,WW au Maroc,Oui,8 CV,Bon,2017,Automatique,Diesel,235 000 DH
"Voitures d'occasion, à vendre",Agdal,170 000 - 179 999,Audi,Q5,5,WW au Maroc,Oui,8 CV,Excellent,2020,Automatique,Diesel,320 000 DH
"Voitures d'occasion, à vendre",Aïn Chock,55 000 - 59 999,Audi,q5_sportback,5,Dédouanée,Oui,8 CV,Excellent,2023,Automatique,Diesel,Prix non spécifié
"Voitures d'occasion, à vendre",Guéliz,200 000 - 249 999,Audi,q5_sportback,5,Dédouanée,Non,8 CV,Excellent,2018,Automatique,Diesel,Prix non spécifié
"Voitures d'occasion, à vendre",Route d'Immouzere,110 000 - 119 999,Audi,Q5,5,WW au Maroc,Non,8 CV,Excellent,2019,Automatique,Diesel,Prix non spécifié
"Voitures d'occasion, à vendre",Hamria,140 000 - 149 999,Audi,Q5,5,WW au Maroc,Oui,8 CV,Très bon,2016,Manuelle,Diesel,215 000 DH
"Voitures d'occasion, à vendre",Centre,,,,,,,,,,,,Prix non spécifié
"Voitures d'occasion, à vendre",Al Qods,190 000 - 199 999,Audi,Q5,5,WW au Maroc,Non,8 CV,Très bon,2015,Automatique,Diesel,Prix non spécifié
"Voitures d'occasion, à vendre",Targa,100 000 - 109 999,Audi,Q5,5,WW au Maroc,Oui,8 CV,Très bon,2021,Automatique,Diesel,385 000 DH
"Voitures d'occasion, à vendre",Ain Sebaa,200 000 - 249 999,Audi,Q5,5,WW au Maroc,Non,12 CV,Excellent,2013,Automatique,Diesel,Prix non spécifié
"Voitures d'occasion, à vendre",Belvédère,50 000 - 54 999,Audi,Q5,5,Dédouanée,Non,8 CV,Excellent,2020,Automatique,Diesel,595 000 DH
"Voitures d'occasion, à vendre",Harhoura,160 000 - 169 999,Audi,Q5,5,WW au Maroc,Oui,8 CV,Très bon,2019,Automatique,Diesel,310 000 DH
"Voitures d'occasion, à vendre",Agdal,150 000 - 159 999,Mercedes-Benz,Classe CLA,5,WW au Maroc,Oui,9 CV,Excellent,2017,Automatique,Diesel,260 000 DH
"Voitures d'occasion, à vendre",Aïn Borja,400 000 - 449 999,Audi,Q5,5,WW au Maroc,Non,8 CV,Excellent,2012,Manuelle,Diesel,150 000 DH
"Voitures d'occasion, à vendre",Massira 1,400 000 - 449 999,Audi,Q5,5,WW au Maroc,Oui,8 CV,Très bon,2013,Automatique,Diesel,Prix non spécifié
"Voitures d'occasion, à vendre",Sidi Maarouf,170 000 - 179 999,Audi,Q5,5,WW au Maroc,Oui,8 CV,Très bon,2018,Automatique,Diesel,Prix non spécifié
"Voitures d'occasion, à vendre",Centre ville,180 000 - 189 999,Audi,Q5,5,WW au Maroc,Non,12 CV,Excellent,2010,Automatique,Diesel,128 000 DH
"Voitures d'occasion, à vendre",Centre Ville,20 000 - 24 999,Audi,Q5,5,Dédouanée,Non,8 CV,Très bon,2013,Automatique,Diesel,Prix non spécifié
"Voitures d'occasion, à vendre",Hamria,200 000 - 249 999,Audi,Q5,5,Importée neuve,Oui,8 CV,Bon,2016,Automatique,Diesel,265 000 DH
"Voitures d'occasion, à vendre",Hay el matar,190 000 - 199 999,Audi,Q5,,Dédouanée,,8 CV,Excellent,2021,Automatique,Diesel,Prix non spécifié
"Voitures d'occasion, à vendre",Al Qods,55 000 - 59 999,Audi,q5_sportback,5,Dédouanée,Oui,8 CV,Excellent,2022,Automatique,Diesel,700 000 DH
"Voitures d'occasion, à vendre",Aïn Chock,110 000 - 119 999,Audi,Q5,5,WW au Maroc,Oui,9 CV,Excellent,2020,Automatique,Diesel,Prix non spécifié
"Voitures d'occasion, à vendre",Ouled Oujih,300 000 - 349 999,Audi,Q5,5,WW au Maroc,Non,12 CV,Neuf,2010,Automatique,Diesel,108 000 DH
"Voitures d'occasion, à vendre",Oasis,70 000 - 74 999,Audi,q5_sportback,5,WW au Maroc,Oui,8 CV,Excellent,2022,Automatique,Diesel,640 000 DH
"Voitures d'occasion, à vendre",2 Mars,200 000 - 249 999,Audi,Q5,5,WW au Maroc,Oui,8 CV,Très bon,2021,Manuelle,Diesel,175 000 DH
"Voitures d'occasion, à vendre",Autre secteur,35 000 - 39 999,Audi,RS3,5,Importée neuve,,11 CV,Excellent,2023,Automatique,Essence,Prix non spécifié
"Voitures d'occasion, à vendre",Hay Izdihar,250 000 - 299 999,Audi,Q5,5,Dédouanée,Non,8 CV,Très bon,2017,Automatique,Diesel,380 000 DH
"Voitures d'occasion, à vendre",Aïn Chock,190 000 - 199 999,Audi,Q5,5,WW au Maroc,Oui,8 CV,Très bon,2015,Automatique,Diesel,Prix non spécifié
"Voitures d'occasion, à vendre",Val d'Anfa,100 000 - 109 999,Audi,Q5,5,WW au Maroc,Oui,8 CV,Excellent,2015,Automatique,Diesel,250 000 DH
"Voitures d'occasion, à vendre",Toute la ville,160 000 - 169 999,Audi,Q5,5,Dédouanée,Oui,8 CV,Excellent,2019,Automatique,Diesel,550 000 DH
"Voitures d'occasion, à vendre",Marjane 2,10 000 - 14 999,Audi,Q5,5,Dédouanée,Non,8 CV,Excellent,2020,Automatique,Diesel,580 000 DH
"Voitures d'occasion, à vendre",Ain Sebaa,130 000 - 139 999,Audi,Q5,5,WW au Maroc,Non,8 CV,Excellent,2014,Automatique,Diesel,Prix non spécifié
"Voitures d'occasion, à vendre",Ain Sebaa,130 000 - 139 999,Audi,Q5,5,WW au Maroc,Non,8 CV,Excellent,2014,Automatique,Diesel,Prix non spécifié
"Voitures d'occasion, à vendre",Agdal,150 000 - 159 999,Audi,Q5,5,WW au Maroc,Oui,8 CV,Très bon,2016,Manuelle,Diesel,240 000 DH
"Voitures d'occasion, à vendre",Aïn Borja,170 000 - 179 999,Audi,Q5,5,,Non,8 CV,Bon,2014,Automatique,Diesel,245 000 DH
"Voitures d'occasion, à vendre",Toute la ville,160 000 - 169 999,Audi,Q5,5,Dédouanée,Non,8 CV,Très bon,2016,Automatique,Diesel,265 000 DH
"Voitures d'occasion, à vendre",Ville verte,130 000 - 139 999,Audi,Q5,5,WW au Maroc,Oui,8 CV,Excellent,2015,Automatique,Diesel,260 000 DH
"Voitures d'occasion, à vendre",Hay Hassani,160 000 - 169 999,Audi,Q5,5,Dédouanée,Oui,8 CV,Très bon,2015,Automatique,Diesel,270 000 DH
"Voitures d'occasion, à vendre",Centre,85 000 - 89 999,Audi,Q5,5,Dédouanée,Oui,8 CV,Excellent,2018,Automatique,Diesel,600 000 DH
"Voitures d'occasion, à vendre",Autre secteur,120 000 - 129 999,Audi,Q5,,,,8 CV,,2021,Automatique,Diesel,420 000 DH
"Voitures d'occasion, à vendre",Toute la ville,200 000 - 249 999,Audi,Q5,5,Importée neuve,Non,8 CV,Très bon,2012,Automatique,Diesel,Prix non spécifié
"Voitures d'occasion, à vendre",Maarif,50 000 - 54 999,Audi,q5_sportback,5,Importée neuve,Oui,8 CV,Excellent,2019,Automatique,Diesel,Prix non spécifié
"Voitures d'occasion, à vendre",Agdal,0 - 4 999,Audi,Q5,5,WW au Maroc,Non,8 CV,Très bon,2021,Automatique,Diesel,Prix non spécifié
"Voitures d'occasion, à vendre",Souissi,35 000 - 39 999,Audi,Q5,5,WW au Maroc,Oui,8 CV,Excellent,2022,Automatique,Diesel,440 000 DH
"Voitures d'occasion, à vendre",Route d'Immouzere,70 000 - 74 999,Audi,Q5,5,Pas encore dédouanée,Oui,11 CV,Excellent,2021,Automatique,Hybride,350 000 DH
"Voitures d'occasion, à vendre",Hay Salam,160 000 - 169 999,Audi,Q5,5,WW au Maroc,Oui,8 CV,Excellent,2015,Manuelle,Diesel,180 000 DH
"Voitures d'occasion, à vendre",Agdal,200 000 - 249 999,Mercedes-Benz,Classe GLC,5,WW au Maroc,Oui,9 CV,Très bon,2017,Automatique,Diesel,Prix non spécifié
"Voitures d'occasion, à vendre",Anfa,150 000 - 159 999,Audi,Q5,,Dédouanée,Oui,8 CV,Excellent,2015,Automatique,Diesel,Prix non spécifié
"Voitures d'occasion, à vendre",Maarif,190 000 - 199 999,Audi,Q5,5,Dédouanée,Non,8 CV,Excellent,2017,Automatique,Diesel,Prix non spécifié
"Voitures d'occasion, à vendre",Route Ain Chkaf,140 000 - 149 999,Audi,Q5,5,WW au Maroc,Oui,8 CV,Excellent,2020,Automatique,Diesel,Prix non spécifié
"Voitures d'occasion, à vendre",Haut-Founty,150 000 - 159 999,Audi,Q5,5,Dédouanée,,9 CV,Excellent,2020,Automatique,Diesel,390 000 DH
"Voitures d'occasion, à vendre",Autre secteur,120 000 - 129 999,Audi,Q5,5,WW au Maroc,Non,8 CV,Très bon,2016,Automatique,Diesel,267 000 DH
"Voitures d'occasion, à vendre",Hay el Fath,160 000 - 169 999,Audi,Q5,5,WW au Maroc,Oui,8 CV,Excellent,2014,Automatique,Diesel,Prix non spécifié
"Voitures d'occasion, à vendre",Aïn Chock,140 000 - 149 999,Audi,Q5,5,Dédouanée,Oui,8 CV,Excellent,2017,Automatique,Diesel,Prix non spécifié
"Voitures d'occasion, à vendre",Centre,160 000 - 169 999,Audi,q5_sportback,5,Dédouanée,Oui,8 CV,Excellent,2018,Automatique,Diesel,Prix non spécifié
"Voitures d'occasion, à vendre",La Hacienda,15 000 - 19 999,Audi,Q5,5,Dédouanée,Oui,12 CV,Excellent,2011,Automatique,Diesel,Prix non spécifié
"Voitures d'occasion, à vendre",Al Qods,55 000 - 59 999,Audi,q5_sportback,5,Dédouanée,Oui,8 CV,Excellent,2022,Automatique,Diesel,700 000 DH
"Voitures d'occasion, à vendre",Lissasfa,150 000 - 159 999,Audi,Q5,5,WW au Maroc,Oui,8 CV,Excellent,2020,Automatique,Diesel,Prix non spécifié
